variant,boot_id,cold_client_ttft_ms,cold_server_ttft_ms,warm_server_ttft_ms
eager-none,c1ce098c-d4ee-4f3f-ad66-617a319b47d2,9876.998375,21.891729,18.574065
eager-none,c4bbea68-ddd8-448c-89dd-1f6f044f3686,9340.959125,22.634598,19.89844
eager-none,3597b199-ed0b-44c3-9650-a53f601351a2,9035.521167,22.4013,19.903415
eager-none,79dc04b3-f163-4694-800d-a02840a91912,12843.436125,22.178226,20.998881
eager-none,a9de8d06-ae66-435c-812d-372b3fb8f450,38195.1465,22.980441,20.191699
eager-none,f7b568d7-8a1f-43f0-a46a-d02da75a995e,9338.643875,23.852797,20.615659
eager-none,951518f8-c820-45ed-9f7e-49f99e50438f,8954.928667,23.222945,20.644739
eager-none,7645813c-c65f-4656-ac95-24ded6e51c0c,39118.125333,23.475297,19.808435
eager-none,28addbca-29a3-47eb-a604-78043872b43b,8820.174625,23.261991,20.338521
eager-none,90512aff-5c8b-4a3d-a379-c319b1a6867e,9160.782,23.113854,20.544851
eager-none,bc063b9b-b441-44dd-95ea-dd5004ab2a64,9185.453334,21.999968,19.963135
eager-none,95f88c83-2c65-4360-985b-6500e45b3afb,8863.140584,21.80659,19.26895
eager-none,08f85a36-2546-4acc-9909-3a8f70eeddf3,9024.837625,23.933045,20.948005
eager-none,6d8513f3-db70-4dd3-8af2-b9e70a1e9724,9599.970292,24.841186,20.274355
eager-none,634a35e1-ce73-4a02-82f8-8681ca9c5e8d,8808.272041,24.559468,20.384944
eager-none,b4392773-4812-4653-86a7-ad95b3ec5420,9175.9535,23.942081,19.556623
eager-none,cdfd6762-882c-45ee-a293-5d0d05d2c940,9001.863375,23.018847,20.444925
eager-none,f008f160-74ae-4b47-b941-c56d9d0aa1c1,8702.967,23.984976,19.311083
eager-none,596c0ef1-323a-4542-9087-3aeb496817b8,9096.976708,23.430806,20.872244
eager-none,ab6f8e58-a164-4993-a6f1-4cda049ff362,37053.610417,22.356243,20.089088
eager-none,bdd4b40b-4d61-4a5c-9031-fbc355d4aa1e,9642.747917,22.645431,20.332809
eager-none,22a1eb9d-daf1-42a8-86ab-4ee4b60bfe24,8699.172958,23.207286,18.865198
eager-none,442fe687-f020-4d09-b973-0f0e94840432,9291.634,23.972926,21.165638
eager-none,4e0bd061-44a2-42b2-b8b2-3dad6f093431,9492.790084,25.773191,19.803905
eager-none,05520ce7-2fb3-405a-9f61-809a5dcc8847,8917.3985,22.31501,20.734658
eager-none,6a4fadb5-3ddd-45b7-ad26-f1d70a3d98b0,9351.653791,23.361997,19.457252
eager-none,56b09bb9-3d88-4bf1-a859-3fe6b14f7a80,8938.39325,21.530274,18.695713
eager-none,57b5df4a-c21c-41ed-8dd0-21462b545b7a,43472.403916,24.447686,19.99591
eager-none,7fa61cd5-f95e-4c41-b7e2-a709c8743bf4,9194.642292,22.913376,19.494442
eager-none,6b6811c8-4ec1-45a5-8538-3dcc0c41ef82,8806.524042,21.8715,19.76779
eager-cpu,ad075187-0528-420e-b680-864c41c26c51,5681.091459,28.715276,22.067387
eager-cpu,121cf9db-ba69-45e4-9059-ce5a92969c91,3620.594,24.04102,20.972858
eager-cpu,8d1f4675-634f-4a05-ba81-34688aeabf71,10748.394458,22.2658,19.24738
eager-cpu,ba656db8-ba1c-45ae-829e-ed8f6f56ee7b,3304.982042,22.747475,19.848479
eager-cpu,9c9702a4-d214-4e19-93c5-11d2875c7421,3767.402166,24.026808,19.968432
eager-cpu,dcb45adb-98f9-44a2-b42e-dc02968bdbdf,4193.7345,23.066028,20.151958
eager-cpu,4b1baeef-50c7-42e2-a5f0-b1925bcae379,3407.42375,23.901505,20.561402
eager-cpu,0985ba8f-f1ca-4bd0-941f-c1ce97dc887e,3185.969916,22.805971,19.889029
eager-cpu,6e0367e7-2a29-4cec-bf8c-06611850c3ff,3215.963625,24.341503,20.527165
eager-cpu,d5912621-462a-4040-8f4f-c0463c0ec692,3173.782584,25.663752,19.935133
eager-cpu,cbe829fe-91a2-41b8-aa0a-75830cf682ab,3670.084708,22.895636,20.225622
eager-cpu,c4ccba54-40e0-4b05-b3e5-64b595ce2e60,3375.28725,22.896467,19.611944
eager-cpu,c89159de-a0b7-4d37-b35c-81cef57b6714,3485.164167,23.835448,21.198976
eager-cpu,761a184f-1ec2-44f2-9788-db3d829d5924,3480.433125,22.505378,20.01176
eager-cpu,f56092b5-a816-418a-8b67-d3805cf35f05,3758.408917,22.519884,19.929343
eager-cpu,6e67fa18-2d5f-48b5-bfb0-10e11a491ee6,3689.839791,23.836889,20.169322
eager-cpu,9c5096c7-02f3-4d51-8bf7-e5104c729986,3556.375375,23.532976,20.989823
eager-cpu,9f9189d8-d16c-404c-83d0-2ad6009ba3f9,3439.613333,23.659441,21.199975
eager-cpu,1f3dada7-0b44-4987-bc4b-0e3ecb19f8cc,3069.380792,23.351819,20.219581
eager-cpu,55715ec7-b173-477c-bd01-f5b7b818bcad,3042.652416,22.757634,20.012072
eager-cpu,1b59dfba-1739-40ca-a238-e06b32f68ba3,3685.266625,23.066121,20.77796
eager-cpu,bf87c893-1653-4e5d-a1ab-e44e5a9b8d53,3467.354959,22.551749,20.153991
eager-cpu,c313b008-e22c-4acf-81fc-b764ec7f210f,3145.392792,23.278033,19.838996
eager-cpu,84719f46-686a-4f2f-8a2d-75a87c6823e4,3171.7055,23.106976,20.892896
eager-cpu,15245f4a-ebf4-4ba5-bbfe-58295f7d6933,3277.259667,22.433225,19.801552
eager-cpu,99a7b77c-8bdc-4261-9802-daf8e228b0aa,3077.998875,22.40943,19.990239
eager-cpu,9063ec9d-bcc6-473c-9d89-c2ba3dfa60e5,3606.751042,23.312831,21.116086
eager-cpu,b662e7ef-0713-4b9a-a1ba-f5e50cee507c,3326.217375,22.630996,21.217996
eager-cpu,65639696-bee9-4ee7-8a69-82d9cc19e70c,17128.904375,24.028022,20.292887
eager-cpu,3028a35e-d300-4cba-b49c-8441de4a813f,3144.680375,24.452579,20.507912
eager-gpu,c8bf74b5-c7ff-4597-bc1e-8ae3f676f13d,36692.206875,110.480972,21.716032
eager-gpu,42cd3514-baff-426e-9560-8f1c4878440d,3456.602291,31.74584,19.641739
eager-gpu,b023b959-abde-423f-887c-4f959cd9ba02,5893.383666,36.259034,21.159834
eager-gpu,ded18f72-7b8c-46d9-a769-ca6dbcfc7f5f,2909.05125,32.907056,20.743353
eager-gpu,c3aea5e1-7893-4799-ba5f-e83420adba52,3126.565417,34.107626,20.02023
eager-gpu,baa0e219-b426-401c-a30c-c5d4bde4ff63,2802.962541,34.216305,20.270962
eager-gpu,4de9832d-51f2-4d83-a0df-45c12dcaafd8,2652.5855,32.766223,20.971101
eager-gpu,1c98f9c8-e187-49e9-9a93-03c41aecb0bd,3427.450375,32.292221,20.063918
eager-gpu,b074fcdd-5443-432e-8451-c5a71e7d8b7e,3614.809709,33.261816,19.303822
eager-gpu,60375271-c708-4aa4-9db9-7b0f2ca32d4d,2869.282375,33.79917,20.377896
eager-gpu,fb2dbdf0-41e1-4820-b456-9a65407211a2,2897.60675,33.647475,20.39657
eager-gpu,52706746-adc7-4833-bf75-2eb8d441aa55,18333.983042,36.209468,19.905969
eager-gpu,13b17d06-6c5b-4697-980f-5dd16cb0b694,3254.037917,34.590684,21.186621
eager-gpu,9f63f085-285d-4982-809c-962e4a9361b2,3966.641208,55.970143,27.831111
eager-gpu,4672ec69-5dc4-478e-abb2-4075ca64547c,60059.125542,34.826543,20.088554
eager-gpu,13c6fab1-dd13-45d6-95b7-e62f9567e85f,5727.595875,33.371318,19.488401
eager-gpu,c3189779-5dcb-4bb2-9e00-d649bc300022,3064.036041,32.08457,19.487692
eager-gpu,031fea26-24cc-42c9-8fe2-939c781661e3,3216.041625,34.042742,20.129061
eager-gpu,3bc7a259-63b2-4ea0-959f-78e19faffc36,3345.106458,32.434114,20.497112
eager-gpu,471a0914-292f-488e-9104-287e9c23186f,3432.795375,36.906801,20.68299
eager-gpu,6ba18a8a-7c4c-4cea-a69b-157bfecdac22,33659.337167,33.489666,19.799353
eager-gpu,489a84c4-d51e-4ef4-9b10-add0bcc58a2b,3146.26925,37.21054,21.145336
eager-gpu,bd8c78b9-867c-4233-a6e1-55dfca37e579,3353.385625,33.845273,19.675628
eager-gpu,efa70f21-01b0-48af-b797-8c17aa84ff13,2968.243625,31.288844,19.216734
eager-gpu,0bdf02d1-593a-4855-87be-8b9709fdde19,3270.674875,35.404686,21.737932
eager-gpu,0749ca19-0795-4182-9066-eb5558948438,3241.900625,31.915626,18.604221
eager-gpu,0c961f4c-5141-47de-bb5a-990a027f7e8c,3199.117167,34.095643,20.141043
eager-gpu,043cf875-fc75-423c-8c01-73a1ca451b26,3012.23025,33.906299,21.472916
eager-gpu,d4d0495d-2e75-44d3-a2d3-44c7b5a0faf8,3172.103959,38.209507,20.077158
eager-gpu,3896101c-ff5a-4a82-84b3-c4f9aaa6bf4e,3304.260208,33.117172,20.076969
